{"cameraMode":{"drawMode":0,"name":"Shaded","section":"Shading Mode"},"sceneLighting":true,"audioPlay":false,"sceneViewState":{"showFog":true,"showMaterialUpdate":false,"showSkybox":true,"showFlares":true,"showImageEffects":true,"showParticleSystems":true,"showVisualEffectGraphs":true,"m_FxEnabled":true},"in2DMode":false,"pivot":{"x":3.2982559204101564,"y":3.2326231002807619,"z":-3.955876350402832},"rotation":{"x":0.23771686851978303,"y":-0.6610313057899475,"z":0.23375441133975984,"w":0.6722264289855957},"size":6.9667439460754398,"orthographic":false}