{"cameraMode":{"drawMode":0,"name":"Shaded","section":"Shading Mode"},"sceneLighting":true,"audioPlay":false,"sceneViewState":{"showFog":true,"showMaterialUpdate":false,"showSkybox":true,"showFlares":true,"showImageEffects":true,"showParticleSystems":true,"showVisualEffectGraphs":true,"m_FxEnabled":true},"in2DMode":false,"pivot":{"x":0.33633875846862795,"y":-1.5778279304504395,"z":0.06304779648780823},"rotation":{"x":0.38824689388275149,"y":-0.5870158672332764,"z":0.3794954717159271,"w":0.6005512475967407},"size":11.268731117248536,"orthographic":false}