{
    "name": "root",
    "gauges": {
        "Autopark.Policy.Entropy.mean": {
            "value": 1.7377418279647827,
            "min": 1.7377418279647827,
            "max": 2.096508026123047,
            "count": 101
        },
        "Autopark.Policy.Entropy.sum": {
            "value": 17125.4453125,
            "min": 3622.765869140625,
            "max": 21298.400390625,
            "count": 101
        },
        "Autopark.Step.mean": {
            "value": 1049970.0,
            "min": 49956.0,
            "max": 1049970.0,
            "count": 101
        },
        "Autopark.Step.sum": {
            "value": 1049970.0,
            "min": 49956.0,
            "max": 1049970.0,
            "count": 101
        },
        "Autopark.Policy.ExtrinsicValueEstimate.mean": {
            "value": 0.0063793533481657505,
            "min": -0.020110096782445908,
            "max": 0.017010357230901718,
            "count": 101
        },
        "Autopark.Policy.ExtrinsicValueEstimate.sum": {
            "value": 1.320526123046875,
            "min": -3.9415791034698486,
            "max": 2.1365036964416504,
            "count": 101
        },
        "Autopark.IsTraining.mean": {
            "value": 1.0,
            "min": 1.0,
            "max": 1.0,
            "count": 101
        },
        "Autopark.IsTraining.sum": {
            "value": 1.0,
            "min": 1.0,
            "max": 1.0,
            "count": 101
        },
        "Autopark.Environment.EpisodeLength.mean": {
            "value": 109.62068965517241,
            "min": 109.62068965517241,
            "max": 199.0,
            "count": 100
        },
        "Autopark.Environment.EpisodeLength.sum": {
            "value": 9537.0,
            "min": 8955.0,
            "max": 10747.0,
            "count": 100
        },
        "Autopark.Environment.CumulativeReward.mean": {
            "value": 0.017646118173658135,
            "min": -0.0005352659638901969,
            "max": 0.020523234443844348,
            "count": 100
        },
        "Autopark.Environment.CumulativeReward.sum": {
            "value": 1.5175661629345996,
            "min": -0.02890436205007063,
            "max": 1.712375134225681,
            "count": 100
        },
        "Autopark.Policy.ExtrinsicReward.mean": {
            "value": 0.017646118173658135,
            "min": -0.0005352659638901969,
            "max": 0.020523234443844348,
            "count": 100
        },
        "Autopark.Policy.ExtrinsicReward.sum": {
            "value": 1.5175661629345996,
            "min": -0.02890436205007063,
            "max": 1.712375134225681,
            "count": 100
        },
        "Autopark.Losses.PolicyLoss.mean": {
            "value": 0.030594574867670116,
            "min": 0.021379803128850957,
            "max": 0.0428671340807341,
            "count": 100
        },
        "Autopark.Losses.PolicyLoss.sum": {
            "value": 0.06118914973534023,
            "min": 0.02755439034663141,
            "max": 0.0857342681614682,
            "count": 100
        },
        "Autopark.Losses.ValueLoss.mean": {
            "value": 1.3322877543942014e-05,
            "min": 4.934411617796285e-06,
            "max": 0.0002641514952604969,
            "count": 100
        },
        "Autopark.Losses.ValueLoss.sum": {
            "value": 2.6645755087884027e-05,
            "min": 6.576052419404732e-06,
            "max": 0.0005283029905209938,
            "count": 100
        },
        "Autopark.Policy.LearningRate.mean": {
            "value": 0.00026865500544833495,
            "min": 0.00026865500544833495,
            "max": 0.0002983104005632,
            "count": 100
        },
        "Autopark.Policy.LearningRate.sum": {
            "value": 0.0005373100108966699,
            "min": 0.00027105339964886993,
            "max": 0.0005966208011264,
            "count": 100
        },
        "Autopark.Policy.Epsilon.mean": {
            "value": 0.18955166500000006,
            "min": 0.18955166500000006,
            "max": 0.19943680000000003,
            "count": 100
        },
        "Autopark.Policy.Epsilon.sum": {
            "value": 0.3791033300000001,
            "min": 0.19035112999999995,
            "max": 0.39887360000000005,
            "count": 100
        },
        "Autopark.Policy.Beta.mean": {
            "value": 0.0044786280835,
            "min": 0.0044786280835,
            "max": 0.00497189632,
            "count": 100
        },
        "Autopark.Policy.Beta.sum": {
            "value": 0.008957256167,
            "min": 0.004518521387000001,
            "max": 0.00994379264,
            "count": 100
        }
    },
    "metadata": {
        "timer_format_version": "0.1.0",
        "start_time_seconds": "1621775117",
        "python_version": "3.8.8 (default, Apr 13 2021, 15:08:03) [MSC v.1916 64 bit (AMD64)]",
        "command_line_arguments": "C:\\Users\\klajd\\anaconda3\\envs\\new_envprova\\Scripts\\mlagents-learn trainer_config2.yaml --run-id=parkmodel2 --resume",
        "mlagents_version": "0.26.0",
        "mlagents_envs_version": "0.26.0",
        "communication_protocol_version": "1.5.0",
        "pytorch_version": "1.8.1+cpu",
        "numpy_version": "1.19.5",
        "end_time_seconds": "1621782411"
    },
    "total": 7294.2057401,
    "count": 1,
    "self": 0.008609900000010384,
    "children": {
        "run_training.setup": {
            "total": 0.1848719000000001,
            "count": 1,
            "self": 0.1848719000000001
        },
        "TrainerController.start_learning": {
            "total": 7294.0122583,
            "count": 1,
            "self": 3.1743498001515036,
            "children": {
                "TrainerController._reset_env": {
                    "total": 9.3258517,
                    "count": 1,
                    "self": 9.3258517
                },
                "TrainerController.advance": {
                    "total": 7281.211059799848,
                    "count": 115161,
                    "self": 3.123270099858928,
                    "children": {
                        "env_step": {
                            "total": 5667.366045100048,
                            "count": 115161,
                            "self": 5349.48378230015,
                            "children": {
                                "SubprocessEnvManager._take_step": {
                                    "total": 315.5134766999655,
                                    "count": 115161,
                                    "self": 9.300916000012762,
                                    "children": {
                                        "TorchPolicy.evaluate": {
                                            "total": 306.21256069995275,
                                            "count": 111661,
                                            "self": 47.38786399997059,
                                            "children": {
                                                "TorchPolicy.sample_actions": {
                                                    "total": 258.82469669998216,
                                                    "count": 111661,
                                                    "self": 258.82469669998216
                                                }
                                            }
                                        }
                                    }
                                },
                                "workers": {
                                    "total": 2.368786099932672,
                                    "count": 115160,
                                    "self": 0.0,
                                    "children": {
                                        "worker_root": {
                                            "total": 7282.313086800035,
                                            "count": 115160,