{
    "name": "root",
    "metadata": {
        "timer_format_version": "0.1.0",
        "start_time_seconds": "1621332794",
        "python_version": "3.8.8 (default, Apr 13 2021, 15:08:03) [MSC v.1916 64 bit (AMD64)]",
        "command_line_arguments": "C:\\Users\\klajd\\anaconda3\\envs\\new_envprova\\Scripts\\mlagents-learn trainer_config2.yaml --run-id=parkmodelWithCars --resume",
        "mlagents_version": "0.26.0",
        "mlagents_envs_version": "0.26.0",
        "communication_protocol_version": "1.5.0",
        "pytorch_version": "1.8.1+cpu",
        "numpy_version": "1.19.5",
        "end_time_seconds": "1621332936"
    },
    "total": 141.761909,
    "count": 1,
    "self": 0.012102800000008074,
    "children": {
        "run_training.setup": {
            "total": 0.2318534999999997,
            "count": 1,
            "self": 0.2318534999999997
        },
        "TrainerController.start_learning": {
            "total": 141.5179527,
            "count": 1,
            "self": 0.026377000000053386,
            "children": {
                "TrainerController._reset_env": {
                    "total": 39.6911613,
                    "count": 1,
                    "self": 39.6911613
                },
                "TrainerController.advance": {
                    "total": 101.45140829999994,
                    "count": 571,
                    "self": 0.02773289999979056,
                    "children": {
                        "env_step": {
                            "total": 99.77627059999998,
                            "count": 571,
                            "self": 97.88480780000008,
                            "children": {
                                "SubprocessEnvManager._take_step": {
                                    "total": 1.8749316999999976,
                                    "count": 571,
                                    "self": 0.08236509999988328,
                                    "children": {
                                        "TorchPolicy.evaluate": {
                                            "total": 1.7925666000001144,
                                            "count": 524,
                                            "self": 0.1952164999998729,
                                            "children": {
                                                "TorchPolicy.sample_actions": {
                                                    "total": 1.5973501000002415,
                                                    "count": 524,
                                                    "self": 1.5973501000002415
                                                }
                                            }
                                        }
                                    }
                                },
                                "workers": {
                                    "total": 0.01653109999990221,
                                    "count": 570,
                                    "self": 0.0,
                                    "children": {
                                        "worker_root": {
                                            "total": 45.086693199999935,
                                            "count": 570,
                                            "is_parallel": true,
                                            "self": 8.884546899999918,
                                            "children": {
                                                "steps_from_proto": {
                                                    "total": 0.002401700000000062,
                                                    "count": 1,
                                                    "is_parallel": true,
                                                    "self": 0.0003264999999927909,
                                                    "children": {
                                                        "_process_rank_one_or_two_observation": {
                                                            "total": 0.0020752000000072712,
                                                            "count": 10,
                                                            "is_parallel": true,
                                                            "self": 0.0020752000000072712
                                                        }
                                                    }
                                                },
                                                "UnityEnvironment.step": {
                                                    "total": 36.19974460000002,
                                                    "count": 570,
                                                    "is_parallel": true,
                                                    "self": 0.16096890000017083,
                                                    "children": {
                                                        "UnityEnvironment._generate_step_input": {
                                                            "total": 0.5417193999999412,
                                                            "count": 570,
                                                            "is_parallel": true,
                                                            "self": 0.5417193999999412
                                                        },
                                                        "communicator.exchange": {
                                                            "total": 34.14517529999995,
                                                            "count": 570,
                                                            "is_parallel": true,
                                                            "self": 34.14517529999995
                                                        },
                                                        "steps_from_proto": {
                                                            "total": 1.3518809999999561,
                                                            "count": 570,
                                                            "is_parallel": true,
                                                            "self": 0.1553989999998464,
                                                            "children": {
                                                                "_process_rank_one_or_two_observation": {
                                                                    "total": 1.1964820000001097,
                                                                    "count": 5700,
                                                                    "is_parallel": true,
                                                                    "self": 1.1964820000001097
                                                                }
                                                            }
                                                        }
                                                    }
                                                }
                                            }
                                        }
                                    }
                                }
                            }
                        },
                        "trainer_advance": {
                            "total": 1.6474048000001744,
                            "count": 570,
                            "self": 0.03266780000045344,
                            "children": {
                                "process_trajectory": {
                                    "total": 1.614736999999721,
                                    "count": 570,
                                    "self": 1.614736999999721
                                }
                            }
                        }
                    }
                },