{"count":1,"self":3.2883763999999998,"total":6.9985393999999994,"children":{"InitializeActuators":{"count":1,"self":0.0030001999999999997,"total":0.0030001999999999997,"children":null},"InitializeSensors":{"count":1,"self":0.002,"total":0.002,"children":null},"AgentSendState":{"count":2617,"self":0.0090019,"total":0.044007199999999996,"children":{"CollectObservations":{"count":524,"self":0.0010004999999999999,"total":0.0010004999999999999,"children":null},"WriteActionMask":{"count":524,"self":0.0030004999999999997,"total":0.0030004999999999997,"children":null},"RequestDecision":{"count":524,"self":0.0169978,"total":0.0310043,"children":{"AgentInfo.ToProto":{"count":524,"self":0.0030020999999999997,"total":0.0140065,"children":{"GenerateSensorData":{"count":524,"self":0.0110044,"total":0.0110044,"children":null}}}}}}},"DecideAction":{"count":2617,"self":3.6211404,"total":3.6211404999999997,"children":null},"AgentAct":{"count":2617,"self":0.039014799999999995,"total":0.039014799999999995,"children":null}},"gauges":{},"metadata":{"timer_format_version":"0.1.0","start_time_seconds":"1619968719","unity_version":"2020.1.10f1","command_line_arguments":"C:\\Program Files\\Unity\\Hub\\Editor\\2020.1.10f1\\Editor\\Unity.exe -projectpath C:\/Users\/klajd\/Documents\/GiochiUnity\/Parking Model -useHub -hubIPC -cloudEnvironment production -hubSessionId 2393c6c0-ab51-11eb-a56e-638611a49676","communication_protocol_version":"1.5.0","com.unity.ml-agents_version":"1.9.0-preview","scene_name":"TestScene","end_time_seconds":"1619968725"}}