{"count":1,"self":360.7605248,"total":7288.4412366999995,"children":{"InitializeActuators":{"count":9,"self":0.0030001999999999997,"total":0.0030001999999999997,"children":null},"InitializeSensors":{"count":9,"self":0.0030001,"total":0.0030001,"children":null},"AgentSendState":{"count":558317,"self":8.3383672,"total":238.40840609999998,"children":{"CollectObservations":{"count":1004976,"self":6.2643711999999994,"total":6.264371,"children":null},"WriteActionMask":{"count":1004976,"self":1.5797473,"total":1.5797473,"children":null},"RequestDecision":{"count":1004976,"self":4.9243276,"total":222.2259207,"children":{"AgentInfo.ToProto":{"count":1004976,"self":4.4973496,"total":217.301593,"children":{"GenerateSensorData":{"count":1004976,"self":37.8730816,"total":212.8042433,"children":{"RayPerceptionSensor.Perceive":{"count":4019904,"self":174.9311616,"total":174.93116229999998,"children":null}}}}}}}}},"DecideAction":{"count":558317,"self":6652.491776,"total":6652.4919292999994,"children":null},"AgentAct":{"count":558317,"self":35.269968,"total":36.4153429,"children":{"AgentInfo.ToProto":{"count":4570,"self":0.021011,"total":1.1453754999999999,"children":{"GenerateSensorData":{"count":4570,"self":0.17698899999999998,"total":1.1243645,"children":{"RayPerceptionSensor.Perceive":{"count":18280,"self":0.94737549999999993,"total":0.94737549999999993,"children":null}}}}}}},"AgentInfo.ToProto":{"count":1227,"self":0.0079992,"total":0.35603819999999997,"children":{"GenerateSensorData":{"count":1227,"self":0.0509981,"total":0.348039,"children":{"RayPerceptionSensor.Perceive":{"count":4908,"self":0.2970409,"total":0.2970409,"children":null}}}}}},"gauges":{"Autopark.CumulativeReward":{"count":5797,"max":0.0593202338,"min":-0.04053491,"runningAverage":0.006762129,"value":0.05036581,"weightedAverage":0.03290163}},"metadata":{"timer_format_version":"0.1.0","start_time_seconds":"1621775123","unity_version":"2020.1.10f1","command_line_arguments":"C:\\Program Files\\Unity\\Hub\\Editor\\2020.1.10f1\\Editor\\Unity.exe -projectpath C:\/Users\/klajd\/Documents\/GiochiUnity\/Parking Model -useHub -hubIPC -cloudEnvironment production -hubSessionId 5b4ba060-bb9b-11eb-a67f-0dfbd03cd1ce","communication_protocol_version":"1.5.0","com.unity.ml-agents_version":"1.9.0-preview","scene_name":"Train","end_time_seconds":"1621782411"}}