{
    "name": "root",
    "metadata": {
        "timer_format_version": "0.1.0",
        "start_time_seconds": "1619968714",
        "python_version": "3.8.8 (default, Apr 13 2021, 15:08:03) [MSC v.1916 64 bit (AMD64)]",
        "command_line_arguments": "C:\\Users\\klajd\\anaconda3\\envs\\unity_env\\Scripts\\mlagents-learn --resume",
        "mlagents_version": "0.23.0",
        "mlagents_envs_version": "0.23.0",
        "communication_protocol_version": "1.3.0",
        "pytorch_version": "1.8.1+cpu",
        "numpy_version": "1.18.5",
        "end_time_seconds": "1619968726"
    },
    "total": 12.0425758,
    "count": 1,
    "self": 0.006080499999999489,
    "children": {
        "run_training.setup": {
            "total": 0.05657250000000014,
            "count": 1,
            "self": 0.05657250000000014
        },
        "TrainerController.start_learning": {
            "total": 11.9799228,
            "count": 1,
            "self": 0.027741899999989883,
            "children": {
                "TrainerController._reset_env": {
                    "total": 5.4702632,
                    "count": 1,
                    "self": 5.4702632
                },
                "TrainerController.advance": {
                    "total": 6.265040400000011,
                    "count": 521,
                    "self": 0.007423900000005368,
                    "children": {
                        "env_step": {
                            "total": 6.2576165000000055,
                            "count": 521,
                            "self": 5.418812699999991,
                            "children": {
                                "SubprocessEnvManager._take_step": {
                                    "total": 0.8300425000000207,
                                    "count": 521,
                                    "self": 0.03773750000003151,
                                    "children": {
                                        "TorchPolicy.evaluate": {
                                            "total": 0.7923049999999892,
                                            "count": 521,
                                            "self": 0.2088714999999972,
                                            "children": {
                                                "TorchPolicy.sample_actions": {
                                                    "total": 0.583433499999992,
                                                    "count": 521,
                                                    "self": 0.583433499999992
                                                }
                                            }
                                        }
                                    }
                                },
                                "workers": {
                                    "total": 0.008761299999993533,
                                    "count": 520,
                                    "self": 0.0,
                                    "children": {
                                        "worker_root": {
                                            "total": 6.257619200000012,
                                            "count": 520,
                                            "is_parallel": true,
                                            "self": 1.552296300000009,
                                            "children": {
                                                "steps_from_proto": {
                                                    "total": 0.0005041999999999547,
                                                    "count": 1,
                                                    "is_parallel": true,
                                                    "self": 0.0002581999999993201,
                                                    "children": {
                                                        "_process_vector_observation": {
                                                            "total": 0.0002460000000006346,
                                                            "count": 2,
                                                            "is_parallel": true,
                                                            "self": 0.0002460000000006346
                                                        }
                                                    }
                                                },
                                                "UnityEnvironment.step": {
                                                    "total": 4.704818700000003,
                                                    "count": 520,
                                                    "is_parallel": true,
                                                    "self": 0.0450236000000217,
                                                    "children": {
                                                        "UnityEnvironment._generate_step_input": {
                                                            "total": 0.12442379999999353,
                                                            "count": 520,
                                                            "is_parallel": true,
                                                            "self": 0.12442379999999353
                                                        },
                                                        "communicator.exchange": {
                                                            "total": 4.368430400000003,
                                                            "count": 520,
                                                            "is_parallel": true,
                                                            "self": 4.368430400000003
                                                        },
                                                        "steps_from_proto": {
                                                            "total": 0.16694089999998507,
                                                            "count": 520,
                                                            "is_parallel": true,
                                                            "self": 0.09049809999994718,
                                                            "children": {
                                                                "_process_vector_observation": {
                                                                    "total": 0.07644280000003789,
                                                                    "count": 1040,
                                                                    "is_parallel": true,
                                                                    "self": 0.07644280000003789
                                                                }
                                                            }
                                                        }
                                                    }
                                                }
                                            }
                                        }
                                    }
                                }
                            }
                        }
                    }
                },
                "trainer_threads": {
                    "total": 2.6599999999987745e-05,
                    "count": 1,
                    "self": 2.6599999999987745e-05,
                    "children": {
                        "thread_root": {
                            "total": 0.0,
                            "count": 0,
                            "is_parallel": true,
                            "self": 0.0,
                            "children": {
                                "trainer_advance": {
                                    "total": 6.2805991000000025,
                                    "count": 405,