{
    "name": "root",
    "metadata": {
        "timer_format_version": "0.1.0",
        "start_time_seconds": "1620398680",
        "python_version": "3.8.8 (default, Apr 13 2021, 15:08:03) [MSC v.1916 64 bit (AMD64)]",
        "command_line_arguments": "C:\\Users\\klajd\\anaconda3\\envs\\unity_env\\Scripts\\mlagents-learn --force",
        "mlagents_version": "0.23.0",
        "mlagents_envs_version": "0.23.0",
        "communication_protocol_version": "1.3.0",
        "pytorch_version": "1.8.1+cpu",
        "numpy_version": "1.18.5",
        "end_time_seconds": "1620398731"
    },
    "total": 51.2752803,
    "count": 1,
    "self": 0.005435900000001936,
    "children": {
        "run_training.setup": {
            "total": 0.06372750000000016,
            "count": 1,
            "self": 0.06372750000000016
        },
        "TrainerController.start_learning": {
            "total": 51.2061169,
            "count": 1,
            "self": 0.03548600000010538,
            "children": {
                "TrainerController._reset_env": {
                    "total": 33.3566395,
                    "count": 1,
                    "self": 33.3566395
                },
                "TrainerController.advance": {
                    "total": 17.564693199999887,
                    "count": 1011,
                    "self": 0.015273899999961316,
                    "children": {
                        "env_step": {
                            "total": 17.549419299999926,
                            "count": 1011,
                            "self": 16.446890599999875,
                            "children": {
                                "SubprocessEnvManager._take_step": {
                                    "total": 1.0840923000000657,
                                    "count": 1011,
                                    "self": 0.0838347999999769,
                                    "children": {
                                        "TorchPolicy.evaluate": {
                                            "total": 1.0002575000000888,
                                            "count": 1011,
                                            "self": 0.21740480000006102,
                                            "children": {
                                                "TorchPolicy.sample_actions": {
                                                    "total": 0.7828527000000278,
                                                    "count": 1011,
                                                    "self": 0.7828527000000278
                                                }
                                            }
                                        }
                                    }
                                },
                                "workers": {
                                    "total": 0.018436399999984587,
                                    "count": 1010,
                                    "self": 0.0,
                                    "children": {
                                        "worker_root": {
                                            "total": 17.58756620000002,
                                            "count": 1010,
                                            "is_parallel": true,
                                            "self": 2.7416702999999245,
                                            "children": {
                                                "steps_from_proto": {
                                                    "total": 0.0015415000000018608,
                                                    "count": 1,
                                                    "is_parallel": true,
                                                    "self": 0.00018580000000412156,
                                                    "children": {
                                                        "_process_vector_observation": {
                                                            "total": 0.0013556999999977393,
                                                            "count": 2,
                                                            "is_parallel": true,
                                                            "self": 0.0013556999999977393
                                                        }
                                                    }
                                                },
                                                "UnityEnvironment.step": {
                                                    "total": 14.844354400000093,
                                                    "count": 1010,
                                                    "is_parallel": true,
                                                    "self": 0.09974230000034368,
                                                    "children": {
                                                        "UnityEnvironment._generate_step_input": {
                                                            "total": 0.7562640999998749,
                                                            "count": 1010,
                                                            "is_parallel": true,
                                                            "self": 0.7562640999998749
                                                        },
                                                        "communicator.exchange": {
                                                            "total": 13.569584199999824,
                                                            "count": 1010,
                                                            "is_parallel": true,
                                                            "self": 13.569584199999824
                                                        },
                                                        "steps_from_proto": {
                                                            "total": 0.4187638000000504,
                                                            "count": 1010,
                                                            "is_parallel": true,
                                                            "self": 0.09952829999990342,
                                                            "children": {
                                                                "_process_vector_observation": {
                                                                    "total": 0.319235500000147,
                                                                    "count": 2020,
                                                                    "is_parallel": true,
                                                                    "self": 0.319235500000147
                                                                }
                                                            }
                                                        }
                                                    }
                                                }
                                            }
                                        }
                                    }
                                }
                            }
                        }
                    }
                },
                "trainer_threads": {
                    "total": 2.0000000006348273e-05,
                    "count": 1,
                    "self": 2.0000000006348273e-05,
                    "children": {
                        "thread_root": {
                            "total": 0.0,
                            "count": 0,
                            "is_parallel": true,
                            "self": 0.0,
                            "children": {
                                "trainer_advance": {
                                    "total": 17.570685599999962,
                                    "count": 1078,